LOCATION,geo_method,lat,long,N
0  99 RT,osm,41.9153932055046,-71.3957377939627,1
1  ANGELL RD,census,41.937607,-71.429375,1
1  ANN,census,41.916412,-71.39067,3
1  ANN ST,census,41.916412,-71.39067,1
1  ANNA MAC DR,census,41.981407,-71.41217,1
1  BRYANT ST,census,41.91303,-71.38932,1
1  CASTLEGATE RD,census,41.941692,-71.40192,1
1  CHUNGA DR,census,41.9217,-71.3851,1
1  CRAY ST,census,41.928444,-71.42066,1
1  CURRAN RD,census,41.906242,-71.38656,1
1  DEBORAH ST,census,41.941948,-71.42071,1
1  DRUMMOND ST,osm,45.648761,-64.058462,1
1  FLAT ST,census,41.97189,-71.46842,49
1  FOREST VIEW DR,census,41.957756,-71.442726,2
1  FRONT ST,osm,43.91640205,-69.9037098545228,1
1  Flat ST,census,41.97189,-71.46842,1
1  Front ST,osm,43.91640205,-69.9037098545228,1
1  JOHN DEAN MEMORIAL BLVD,census,41.907383,-71.393684,6
1  James J Mckee WAY,census,41.913628,-71.39113,3
1  KINGS ROW,census,41.9625,-71.38546,1
1  MARTIN ST,census,41.93001,-71.42302,2
1  MENDON,osm,41.928001,-71.372359,1
1  MENDON RD,census,41.920406,-71.408226,75
1  Mendon,osm,41.928001,-71.372359,3
1  Mendon RD,census,41.920406,-71.408226,1
1  PLEASANT ST,census,41.910847,-71.3952,2
1  POND VIEW DR,census,41.960873,-71.39614,2
1  QUIN ST,osm,NA,NA,1
1  SHELTER LN,census,41.9803,-71.46527,1
1  VINCENT WAY,census,41.95842,-71.412704,1
10  CHASE ST,census,41.900417,-71.39205,1
10  CHU KAING DR,census,41.94793,-71.4069,1
10  CORY LN,osm,41.954084,-71.3905345833333,1
10  CROSSING DR,census,41.95041,-71.43599,1
10  FRONT ST,census,41.937096,-71.43116,1
10  GEDDES FARM LN,osm,41.9420375,-71.4251478,1
10  JONES ST,census,41.90316,-71.39233,1
10  MANVILLE HILL RD,census,41.972916,-71.46792,10
10  OLD DIAMOND HILL RD,census,41.927963,-71.400055,57
10  Old Diamond Hill RD,census,41.927963,-71.400055,3
10  Old Diamond Hill Road,census,41.927963,-71.400055,2
10  PARK ST,census,41.916065,-71.393524,1
10  PAUL ST,census,41.97751,-71.46406,1
10  RHODE ISLAND AVE,census,41.937923,-71.39803,1
10  SECLUDED CT,census,41.95992,-71.45409,1
10  SHELTER LN,census,41.9802,-71.465324,1
10  SUNNYSIDE DR,census,41.973186,-71.44532,1
10  WEEKS ST,census,41.98267,-71.47198,1
10  WOODCREST DR,census,41.965446,-71.383644,2
10 E EARLE ST,census,41.914665,-71.393036,1
100  CHAMBERS ST,census,41.9069,-71.39678,12
100  CURRAN RD,census,41.913517,-71.386345,1
100  FISKE AVE,census,41.961403,-71.44793,1
100  HILLTOP RD,census,41.925827,-71.389496,1
100  MAPLE RIDGE DR,osm,42.0025594,-71.4598869,1
100  MENDON RD,census,41.92563,-71.415596,3
100  NEWELL DR,census,41.964245,-71.38593,1
100  OAKHILL DR,census,41.92451,-71.392624,1
100  POUND RD,census,41.970062,-71.43537,1
100  VALLEY VIEW DR,census,41.979668,-71.47005,1
1000  broad ST,osm,41.9147172,-71.399734,1
1007  Mendon Road,census,41.929146,-71.421394,1
101  HIGHLAND AVE,census,41.919754,-71.391075,1
103  ALASKA ST,census,41.943703,-71.39642,1
103  GLEN RD,osm,43.793395,-70.199736,1
103  HOPE ST,census,41.921192,-71.390945,1
104  BURNT SWAMP RD,census,42.008846,-71.386925,1
104  Burnt Swamp RD,census,42.008846,-71.386925,1
104  CLAY ST,osm,40.2100963,-77.1833194,1
104  Clay st,osm,40.2100963,-77.1833194,1
105  SCOTT RD,census,41.945396,-71.42637,1
106  CLARK ST,census,41.910255,-71.38831,1
106  NATE WHIPPLE HWY,census,41.97814,-71.45174,9
106  ROOSEVELT RD,census,41.96488,-71.45778,1
106  SCOTT RD,census,41.94324,-71.427864,2
1067  MENDON RD,census,41.930046,-71.42285,1
1069  MENDON RD,osm,41.930214,-71.423005,1
1070  MENDON RD,census,41.929924,-71.422646,5
108  BRANCH AVE,census,41.97689,-71.47067,1
108  CANNING ST,census,41.976597,-71.45264,1
109  THOMAS LEIGHTON BLVD,census,41.98547,-71.4179,1
11  BRAYTON CT,census,41.91545,-71.39905,1
11  BRIARWOOD DR,census,41.920128,-71.402145,1
11  CUSHING ST,census,41.928055,-71.4198,1
11  DIXON ST,census,41.918663,-71.4073,2
11  FOREST AVE,census,41.90965,-71.3961,2
11  GADOURY DR,census,41.98422,-71.468994,1
11  JENCKES RD,census,42.015232,-71.4489,1
11  KIMBERLY CT,census,41.99199,-71.41522,1
11  LINDA LN,census,41.96989,-71.45652,1
11  MAPLE ST,census,41.90393,-71.39244,1
11  MEETING ST,census,41.89961,-71.39122,1
11  ROYAL CT,census,41.967903,-71.44713,1
11  SHELTER LN,census,41.980183,-71.465355,2
11  SUN VALLEY DR,census,41.96906,-71.39412,1
110  CROSSING DR,census,41.950348,-71.434296,2
110 W WRENTHAM RD,census,42.0122,-71.414894,3
111  DEXTER ST,census,41.912663,-71.39181,1
112  MCGIRR ST,census,41.909546,-71.388016,1
113  DEXTER ST,census,41.91267,-71.391685,3
115  BONNIE BROOK DR,census,41.97885,-71.4133,1
116  LITTLE POND COUNTY RD,census,41.96228,-71.4151,1
116  MCGIRR ST,census,41.90956,-71.387955,1
116  VICTORY ST,census,41.927467,-71.42291,3
117  DESMARAIS ST,census,41.977764,-71.47004,2
117  RABBIT HILL RD,census,41.926746,-71.390305,9
118  FARM DR,census,41.95957,-71.45666,1
118  HADDE AVE,census,41.961998,-71.44836,1
1181  HIGH ST,census,41.925156,-71.399315,1
1182  HIGH ST,census,41.92577,-71.3995,2
12  ANN,census,41.919067,-71.39034,1
12  Ballou ST,census,41.98179,-71.47209,1
12  CUSHING ST,census,41.928047,-71.419785,1
12  EDDY ST,census,41.908722,-71.392334,1
12  HIDDEN MEADOW LN,census,41.999485,-71.38804,1
12  HOWARD RD,census,41.9555,-71.38647,1
12  Hines farm DR,census,41.93137,-71.394295,1
12  LAWRENCE ST,census,41.928127,-71.42171,1
12  LENOX ST,census,41.918106,-71.406784,1
12  LONESOME PINE RD,census,41.960167,-71.399506,1
12  MARQUES ST,census,41.97801,-71.473526,1
12  MASON DR,census,41.965275,-71.40281,1
12  MAYFLOWER DR,census,41.989876,-71.41878,1
12  PLANTATION DR,census,41.961975,-71.457466,1
12  RIDGELAND DR,census,41.97499,-71.389755,1
12  SMITH ST,census,41.901634,-71.38832,1
12  STAGECOACH RD,census,41.94495,-71.38648,1
12  Stephens WAY,census,42.015705,-71.458084,1
12  TIMBERWOLF DR,census,41.921295,-71.401184,2
12  WOODWARD ST,census,41.927788,-71.42229,2
12 E BARROWS ST,census,41.913948,-71.39278,1
120  CROSSING DR,census,41.95025,-71.43417,1
120  GARVIN ST,census,41.919724,-71.39802,1
120  NATE WHIPPLE HWY,census,41.978695,-71.44881,2
120  SUMNER BROWN RD,census,42.01376,-71.39154,1
120  WRENTHAM RD,census,42.012318,-71.414925,3
1205  HIGH ST,census,41.925526,-71.39943,2
1216  High ST,census,41.92591,-71.39953,1
1225  MENDON RD,census,41.932858,-71.42646,2
1226  MENDON RD,census,41.93294,-71.42653,2
123  VICTORY ST,census,41.92753,-71.422966,1
125  OLD MENDON RD,census,41.915398,-71.40444,1
125  SHELDONVILLE RD,osm,NA,NA,1
1250  MENDON RD,census,41.933216,-71.426704,2
1251  HIGH ST,census,41.9265,-71.39962,1
126  BROAD ST,census,41.902454,-71.39153,1
126  ENGLAND ST,census,41.918182,-71.38778,1
126  SUMNER AVE,osm,42.0138406867329,-71.3906029145281,1
128  MT PLEASANT VIEW AVE,census,41.971367,-71.464,3
128  OVERHILL RD,census,41.926186,-71.408615,1
128  WEST RD,census,41.956394,-71.42035,1
1282  MENDON RD,census,41.93386,-71.42722,1
129  SHIRLEY DR,census,41.947113,-71.39862,1
13  FACTORY ST,census,41.914257,-71.400475,2
13  MAIN ST,census,41.914223,-71.40024,1
130  BEAR HILL RD,osm,41.9460422,-71.3939423,3
130  SCOTT RD,census,41.948215,-71.4271,1
1300  MENDON RD,census,41.934185,-71.42786,1
1303  MENDON RD,census,41.933784,-71.42711,1
1305  HIGH ST,census,41.92758,-71.39986,2
131  FAIRVIEW AVE,census,41.918484,-71.4026,1
132  MENDON RD,census,41.925674,-71.41572,1
1325  MENDON RD,census,41.93432,-71.428055,1
133  LEIGH RD,census,41.955254,-71.413864,1
1341  DIAMOND HILL RD,census,41.92944,-71.4015,1
135  ANGELL RD,census,41.947754,-71.41259,1
135  FAIRVIEW AVE,census,41.91833,-71.40307,1
135  FARM DR,census,41.95958,-71.45698,1
135  MINERVA AVE,census,41.91657,-71.389755,1
135  MT PLEASANT VIEW AVE,census,41.971237,-71.463875,4
136  FAIRVIEW AVE,census,41.91831,-71.40311,1
136  SCOTT RD,census,41.94826,-71.42711,1
1364  DIAMOND HILL RD,census,41.929005,-71.40108,1
137  HIGH ST,census,41.903854,-71.38958,1
1370  MENDON RD,census,41.935787,-71.429,2
1379  DIAMOND HILL,census,41.92949,-71.40154,1
1379  DIAMOND HILL RD,census,41.92949,-71.40154,8
1380  DIAMOND HILL RD,census,41.92921,-71.4013,1
1397  MENDON RD,census,41.935684,-71.42897,1
14  BRAYTON CT,census,41.915455,-71.39907,1
14  CHAMBERS ST,census,41.907776,-71.39421,1
14  CUMBERLAND ST,osm,43.9155986,-69.9679862,1
14  DEXTER ST,census,41.912056,-71.39547,1
14  FRONT ST,census,41.9369,-71.43107,2
14  HAYFIELD LN,census,41.96288,-71.39615,1
14  JENCKES RD,census,42.015198,-71.44883,2
14  KINSMAN ST,census,41.91179,-71.39141,1
14  LONGBROOK DR,census,41.974625,-71.415825,2
14  MINERVA AVE,census,41.913166,-71.390205,1
14  NOTTINGHAM WAY,census,41.942924,-71.40154,1
14  PATT AVE,census,41.908573,-71.3915,2
14  SALVAS CT,census,41.939987,-71.40178,1
14  SANFORD AVE,census,41.90663,-71.3904,2
140  CROSSING DR,census,41.950035,-71.43396,1
140  HIGHLAND AVE,census,41.919884,-71.386795,2
140  SUMNER BROWN RD,census,42.01351,-71.38901,1
1403  MENDON RD,census,41.935734,-71.42898,1
1403  Mendon Road APT #2 left,census,41.935734,-71.42898,1
1406  MENDON RD,census,41.936314,-71.42912,1
1407  Mendon RD,census,41.93577,-71.428986,1
141  SUN VALLEY DR,census,41.97462,-71.39533,1
142  ABBOTT RUN VALLEY RD,census,41.965645,-71.39351,1
1420  MENDON RD,census,41.93652,-71.42917,1
1427  DIAMOND HILL RD,census,41.931244,-71.40242,3
1427  Diamond Hill RD,census,41.931244,-71.40242,1
143  BONNIE BROOK DR,census,41.978294,-71.413124,1
143  Bonnie Brook DR,census,41.978294,-71.413124,1
145  OLD WILLIS RD,census,41.923027,-71.39208,2
145  ROOSEVELT AVE,census,41.964638,-71.45804,1
146  HIGH ST,census,41.903915,-71.389595,1
1464  DIAMOND HILL RD,census,41.93134,-71.40245,6
15  AMANDA DR,osm,39.6436359,-78.7391371,1
15  ARNOLD MILLS RD,census,41.977283,-71.3981,6
15  Arnold Mills RD,census,41.977283,-71.3981,2
15  BILLINGTON CIR,census,41.972187,-71.41342,1
15  BIRCHWOOD DR,census,41.982075,-71.40364,1
15  BRITTS RDG,census,41.942757,-71.42592,1
15  BROADVIEW AVE,osm,41.9527964,-71.4050001,1
15  CHEPACHET AVE,census,41.92226,-71.39291,1
15  CIRCLEDALE DR,census,41.95318,-71.448494,1
15  COUNTRY HILL RD,census,41.95581,-71.40041,1
15  CROSS ST,census,41.916237,-71.40367,1
15  CUMBERLAND HILL RD,census,41.914154,-71.39744,1
15  ELM ST,census,41.90472,-71.39281,1
15  FRANCIS ST,census,41.9134,-71.390945,1
15  Frances ST,census,41.9134,-71.390945,1
15  HIGHLAND VIEW RD,census,42.00961,-71.4099,1
15  IROQUOIS RD,census,41.930607,-71.397865,1
15  MAYFLOWER DR,census,41.98985,-71.418755,1
15  MEMORIAL DR,osm,-33.8329762,151.0116912,1
15  NORMAN ST,census,41.921898,-71.39866,1
15  OLIVE ST,census,41.923386,-71.404686,1
15  STONEY VIEW DR,census,41.976936,-71.471275,1
15  SUMNER BROWN RD,census,42.0147,-71.410545,23
15  SUSAN DR,census,41.92987,-71.39005,1
15  Sumner Brown RD,census,42.0147,-71.410545,2
15 E EARLE ST,census,41.9147,-71.39264,1
150  HIGH ST,census,41.90401,-71.389595,1
150  ILLINOIS ST,osm,39.276258,-88.246361,6
1500  DIAMOND HILL RD,census,41.932228,-71.40238,1
151  ANGELL RD,census,41.947914,-71.40781,1
151  BONNIE BROOK DR,census,41.978134,-71.41308,4
1512  MENDON RD,census,41.939747,-71.4323,1
153  RHODE ISLAND AVE,census,41.941742,-71.39931,1
1530  MENDON RD,census,41.939827,-71.43241,3
1530  Mendon RD,census,41.939827,-71.43241,2
1531  Mendon Road,census,41.939114,-71.43143,1
1535  MENDON RD,census,41.939156,-71.43149,2
154  BEAR HILL RD,census,41.94876,-71.38689,8
154  Bear Hill RD,census,41.94876,-71.38689,1
154  HIGH ST,census,41.904243,-71.38961,1
1547  MENDON RD,census,41.939373,-71.431786,1
155  POUND RD,census,41.97093,-71.42893,1
1555  DIAMOND HILL RD,census,41.93364,-71.40147,1
156  BEAR HILL RD,census,41.948757,-71.38704,31
156  Bear Hill RD,census,41.948757,-71.38704,1
1565  MENDON RD,census,41.9397,-71.43221,1
157 N ATTLEBORO RD,census,41.981846,-71.38239,1
158  BEAR HILL RD,census,41.94876,-71.38719,4
158 W WRENTHAM RD,census,42.012775,-71.41504,1
159  TERRACE AVE,census,41.92834,-71.39258,1
16  Aurora DR,census,41.954136,-71.409,1
16  BIRCHWOOD DR,census,41.982086,-71.40364,1
16  DAVIS ST,census,41.91009,-71.39366,1
16  DOIRE RD,census,41.95383,-71.44122,2
16  FRONT ST,census,41.936806,-71.43102,1
16  HOMER CT,census,41.927444,-71.40871,3
16  Homer CT,census,41.927444,-71.40871,1
16  LAWRENCE ST,census,41.928165,-71.42175,1
16  NOTRE DAME AVE,census,41.974228,-71.456825,1
16  ROLAND ST,census,41.92999,-71.40278,4
16  WARREN AVE,census,41.98063,-71.46778,3
16 E BARROWS ST,census,41.91397,-71.39253,1
160  BEAR HILL RD,census,41.948746,-71.38747,2
160  THAYER ST,osm,41.9531423,-71.4414049,1
1614  MENDON RD,census,41.941124,-71.43403,1
163  BURNT SWAMP RD,census,42.014374,-71.38599,1
164  BEAR HILL RD,census,41.948723,-71.38761,2
164  Lippitt AVE,census,41.954857,-71.419334,1
165  HILLTOP RD,census,41.925636,-71.39102,1
17  ABORN AVE,census,41.984547,-71.47387,1
17  ASHTON PARK WAY,census,41.93484,-71.42928,1
17  AVON AVE,census,41.987503,-71.47163,1
17  BALDWIN ST,census,41.92385,-71.39961,1
17  CLAREMONT ST,census,41.91672,-71.39338,1
17  ENGLAND ST,census,41.9139,-71.38833,1
17  HARVEST DR,census,41.93137,-71.39386,1
17  HOWARD RD,census,41.9554,-71.38498,1
17  MURPHY DR,census,41.961754,-71.40296,1
17  REDGATE RD,census,41.938446,-71.42262,1
17  ROCKY CREST RD,census,41.959465,-71.43932,1
17  Rocky Crest RD,census,41.959465,-71.43932,1
17  WATERMAN FARM RD,census,41.94557,-71.39098,1
17  WOMANTAM LN,census,41.98852,-71.41632,1
17  WOODLAND ST,census,41.92588,-71.400345,1
170  IROQUOIS RD,census,41.934307,-71.39831,1
171  MARSHALL AVE,census,41.92342,-71.40186,1
174 N WASHINGTON ST,osm,39.6510964053919,-78.7682178088648,1
1740  DIAMOND HILL RD,census,41.937187,-71.39938,1
175  NATE WHIPPLE HWY,census,41.978603,-71.44175,4
1754  MENDON RD,census,41.944016,-71.43595,3
1764  MENDON RD,census,41.94406,-71.436,2
1765  DIAMOND HILL RD,census,41.937855,-71.399666,1
177  COLONIAL AVE,census,41.9379,-71.39531,2
1775  DIAMOND HILL RD,census,41.93804,-71.39977,2
18  Larchwood DR,census,41.97683,-71.38801,1
18  RYDER LN,census,41.966972,-71.384544,1
18  SALVAS CT,census,41.94,-71.40191,1
18  SCOTT RD,census,41.940117,-71.4301,1
18  VALLEY ST,census,41.923336,-71.39903,1
180  CURRAN RD,census,41.920425,-71.38495,1
1800  MENDON RD,census,41.944218,-71.43617,5
181  DEXTER ST,census,41.91317,-71.387856,1
182  BRYANT ST,census,41.918972,-71.38857,1
185  MANVILLE HILL RD,census,41.976196,-71.462494,1
185  STAPLES RD,census,41.981117,-71.430565,1
1855  MENDON RD,census,41.947247,-71.439095,1
187  DEXTER ST,census,41.913223,-71.3874,1
188 W WRENTHAM RD,census,42.013134,-71.41512,1
19  ABORN AVE,census,41.984634,-71.47388,1
19  GEORGIANA DR,census,42.015724,-71.41746,2
19  GOLD STAR DR,census,41.974052,-71.43987,1
19  HOPKINS TER,census,41.91001,-71.39693,1
19  LILAC ST,census,41.922485,-71.399086,1
19  MEETING ST,census,41.89949,-71.39184,1
19  MIDDLE ST,census,41.93725,-71.43051,1
19  WILL CROFT,census,41.939293,-71.41816,4
19  WOODWARD ST,census,41.927864,-71.42236,2
19 W WRENTHAM RD,census,42.00945,-71.415054,1
190  ANGELL RD,census,41.94731,-71.40636,2
192  LEIGH RD,census,41.957,-71.41559,1
195 W WRENTHAM RD,census,42.017643,-71.41515,1
197  DEXTER ST,census,41.913338,-71.38665,1
198  BROAD ST,census,41.903946,-71.392075,1
1985  DIAMOND HILL RD,census,41.942787,-71.40257,1
199  MARSHALL AVE,census,41.923584,-71.401566,1
1998  MENDON RD,census,41.946766,-71.43883,1
19B  Middle ST,census,41.93717,-71.430466,1
2  ANNA MAC DR,census,41.981415,-71.41217,1
2  BRAYTON CT,census,41.915405,-71.39904,2
2  CROCUS ST,census,41.91629,-71.40368,1
2  Dexter ST,census,41.911976,-71.395836,1
2  FAIRVIEW AVE,census,41.916187,-71.40228,1
2  HILLSIDE RD,census,41.96694,-71.40144,1
2  INTERVALE DR,census,41.972477,-71.382286,1
2  LAFAYETTE AVE,census,41.908356,-71.39379,2
2  MEEHAN LN,census,41.977184,-71.45485,13
2  MEETING ST,census,41.899757,-71.390594,2
2  MENDON RD,census,41.925495,-71.415245,4
2  MIDDLE ST,census,41.93766,-71.4307,2
2  MURPHY DR,census,41.96051,-71.40166,1
2  Meehan LN,census,41.977184,-71.45485,1
2  OLD ANGELL RD,census,41.938084,-71.42717,1
2  PLANT ST,census,41.976616,-71.47438,2
2  PROMONTORY KNL,census,41.994267,-71.41085,1
2  SWAN RD,census,41.936295,-71.42685,1
2  Valley View DR,census,41.981064,-71.469826,1
2  WESTGATE RD,census,41.990112,-71.458534,1
20  BEAR HILL RD,census,41.945686,-71.400314,1
20  BOYLE AVE,census,41.973145,-71.467415,1
20  CAMP ST,census,41.978508,-71.47414,1
20  CHAMBERS ST,census,41.907722,-71.39437,3
20  CIRCLEDALE DR,census,41.953304,-71.4486,3
20  CITIZEN ST,census,41.91485,-71.387764,1
20  EDITH ST,census,41.922985,-71.40555,1
20  ETHIER WAY,census,41.937317,-71.42697,1
20  FERNCREST DR,census,41.944817,-71.40108,1
20  FISHER RD,census,42.00399,-71.41283,1
20  HIGH ST,census,41.900757,-71.38978,2
20  HUNTER DR,census,41.94927,-71.40186,12
20  JONES ST,census,41.903027,-71.392815,3
20  LINDA LN,census,41.96983,-71.45643,1
20  MARQUES ST,census,41.977932,-71.473656,3
20  MAYFLOWER DR,census,41.989986,-71.418816,1
20  Middle street,census,41.937187,-71.43046,1
20  OLD MENDON RD,census,41.925518,-71.415306,3
20  RIDGELAND DR,census,41.974655,-71.39046,1
20  SCOTT RD,census,41.940205,-71.43003,1
20  SILVA ST,census,41.9013,-71.39433,1
20  STONEY VIEW DR,census,41.97687,-71.47136,1
20  TEAKWOOD DR,census,41.969616,-71.39505,1
200  ANGELL RD,census,41.94724,-71.4062,1
200  CROSSING DR,census,41.949394,-71.43331,1
200  HEROUX BLVD,census,41.97311,-71.46095,6
200  HIGHLAND CORPORATE DR,census,41.9199,-71.386,1
200  HINES RD,osm,41.9359319,-71.3939073,1
200  Heroux BLVD,census,41.97311,-71.46095,1
200  LIPPITT AVE,census,41.95627,-71.41987,1
200  MANVILLE HILL RD,census,41.97641,-71.46133,13
200  cross STS,osm,NA,NA,1
2000  MENDON RD,census,41.946774,-71.438835,5
203  RESERVOIR AVE,census,41.99048,-71.4024,1
203 W Wrentham RD,census,42.017704,-71.41509,1
205  HARRIET LN,census,41.95211,-71.407196,1
205  MANVILLE HILL RD,census,41.97667,-71.4597,1
2065  MENDON RD,census,41.95108,-71.44134,48
2065  Mendon RD,census,41.95108,-71.44134,2
2069  DIAMOND HILL RD,census,41.94625,-71.40367,1
207  MENDON RD,census,41.915688,-71.40462,1
2077  DIAMOND HILL RD,census,41.94628,-71.40367,6
209  HARRIET LN,census,41.952473,-71.4072,1
2095  DIAMOND HILL RD,census,41.94635,-71.40366,2
21  BRIARWOOD DR,census,41.920048,-71.40239,2
21  DEXTER ST,census,41.912075,-71.39535,1
21  GADOURY DR,census,41.984707,-71.471924,1
21  HOWE ST,census,41.908726,-71.38855,1
21  LEGION AVE,census,41.976715,-71.46336,1
21  MIDDLE ST,census,41.937138,-71.43045,1
21  ROCKY CREST RD,census,41.95924,-71.439514,1
21  ROLAND ST,census,41.929935,-71.40291,1
21  TERRACE AVE,census,41.92451,-71.392105,1
21  VICTORY ST,census,41.926403,-71.421585,3
21  WOODWARD ST,census,41.927883,-71.422386,3
210  HIGHLAND CORPORATE DR,census,41.9199,-71.38598,2
2100  HIGHLAND CORPORATE DR,osm,41.986839,-71.478859,4
2100  Highland Corporate DR,osm,41.986839,-71.478859,1
211  SCOTT RD,census,41.956833,-71.42811,1
211 W WRENTHAM RD,census,42.01777,-71.41504,1
212  MORRIS ST,census,41.92204,-71.39402,1
2125  DIAMOND HILL RD,census,41.94688,-71.40355,1
2125  Diamond Hill RD,census,41.94688,-71.40355,1
2136  MENDON RD,census,41.947178,-71.43921,1
2138  MENDON RD,census,41.947186,-71.43922,1
214  HIGH ST,census,41.905655,-71.39016,2
214  HINES RD,osm,41.9359319,-71.3939073,1
214  LITTLE POND COUNTY RD,census,41.97325,-71.417656,1
2140  MENDON RD,census,41.94719,-71.43922,25
215  MENDON RD,census,41.915714,-71.40464,2
2152  MENDON RD,census,41.947227,-71.439255,1
216  CURRAN RD,census,41.924118,-71.38512,1
216 W WRENTHAM RD,census,42.01347,-71.4152,1
2176  MENDON RD,census,41.947304,-71.43931,1
2178  MENDON RD,census,41.947308,-71.439316,3
218  RONALD AVE,census,41.95189,-71.40469,1
219  IROQUOIS RD,census,41.93562,-71.39853,2
22  EDITH ST,census,41.923008,-71.40559,1
22  GRANTS MILL RD,census,42.007652,-71.42044,2
22  JONES ST,census,41.903,-71.392914,1
22  MIDDLE ST,census,41.93714,-71.43044,1
22  PLANTATION DR,census,41.962017,-71.45726,1
22  ROSEMERE RD,census,41.96681,-71.45044,1
22  SCHOOL ST,census,41.90148,-71.388535,3
220  HIGHLAND CORPORATE DR,census,41.9199,-71.385956,2
220  NATE WHIPPLE HWY,census,41.977734,-71.43664,1
2200  DIAMOND HILL RD,census,41.948013,-71.40325,2
221  TOWER HILL RD,census,41.993828,-71.45138,2
222  Morris ST,census,41.92228,-71.394066,1
223  MINERVA AVE,census,41.91784,-71.38958,1
225  BROAD ST,census,41.904293,-71.39218,4
225  Broad ST,census,41.904293,-71.39218,1
226  DEXTER ST,census,41.913464,-71.38606,2
226  PARK ST,osm,41.9160418,-71.3935116,1
2275  295 RT,osm,41.951286,-71.420189,1
23  ASHTON PARK WAY,census,41.934708,-71.42922,2
23  BALLOU ST,census,41.981453,-71.47273,4
23  BLISSDALE AVE,census,41.928085,-71.410126,1
23  DOUGLAS DR,census,41.995342,-71.419334,1
230  CROSSING DR,census,41.949024,-71.43311,1
230  HIGHLAND CORPORATE DR,census,41.9199,-71.38593,2
2300  DIAMOND HILL RD,census,41.95281,-71.402115,2
231  BROAD ST,census,41.90435,-71.3922,1
231  PHILLIPS ST,osm,41.9872635945946,-71.4862281891892,1
231  West Wrentham Road,census,42.004387,-71.45389,1
232  LEIGH RD,census,41.958363,-71.41669,1
234  Hill Top RD,census,41.925194,-71.393585,1
2343  DIAMOND HILL RD,census,41.954224,-71.40159,1
235  BROAD ST,census,41.90439,-71.39221,1
235  SCOTT RD,census,41.958157,-71.42892,1
235  SNEECH POND RD,census,41.981525,-71.41407,1
2360  MENDON RD,census,41.95867,-71.44312,1
2364  DIAMOND HILL RD,census,41.95404,-71.40168,5
2364  Diamond Hill RD,census,41.95404,-71.40168,1
2372  DIAMOND HILL RD,census,41.954903,-71.40132,1
24  BEACHWOOD DR,census,41.92067,-71.40278,1
24  BLACKSTONE ST,census,41.916134,-71.39761,2
24  BROOKWOOD LN,census,41.944336,-71.421425,1
24  Bear Hill Road,census,41.94564,-71.40016,1
24  FRONT ST,census,41.93638,-71.43081,1
24  HOWARD RD,census,41.95534,-71.38381,1
24  JONES ST,census,41.902973,-71.39301,1
24  LAWRENCE ST,census,41.92824,-71.421844,1
24  MORPHEUS DR,census,41.95206,-71.40856,1
24  OLD RESERVOIR RD,census,41.99096,-71.405495,1
24  OLIVE ST,census,41.92349,-71.40451,1
24  ROSE LN,census,41.97314,-71.45607,1
24  WILL CROFT,census,41.93882,-71.417984,1
24  WOODWARD ST,census,41.9279,-71.422424,3
24 E BARROWS ST,census,41.91403,-71.39206,1
24 E EARLE ST,census,41.914776,-71.39211,2
240  CROSSING DR,census,41.948895,-71.43309,3
240  HIGHLAND CORPORATE DR,census,41.9199,-71.3859,6
2410  MENDON RD,census,41.95927,-71.44335,1
242  ABBOTT RUN VALLEY RD,census,41.97023,-71.39674,1
2431  DIAMOND HILL RD,census,41.957138,-71.400764,1
244  ANN ST,census,41.922184,-71.38993,1
244  Broad,census,41.905357,-71.392586,1
248  SCOTT RD,census,41.959927,-71.42949,2
2482  DIAMOND HILL RD,census,41.957924,-71.40085,1
25  AURORA DR,census,41.95448,-71.4094,1
25  FISKE AVE,census,41.961807,-71.4457,1
25  FLAT ST,census,41.97178,-71.46737,21
25  Flat ST,census,41.97178,-71.46737,2
25  LOCKWOOD RD,census,41.94796,-71.40104,1
25  MAIN ST,census,41.914482,-71.40083,1
25  MANVILLE HILL RD,census,41.974358,-71.46693,1
25  MEETING ST,census,41.899467,-71.39194,1
25  METCALF DR,census,41.986794,-71.40927,1
25  MORNING GLORY RD,census,41.976276,-71.470726,1
25  MYRTLE ST,census,41.901333,-71.38332,1
25  NEW YORK AVE,census,41.941032,-71.39563,1
25  OAKWOOD AVE,census,41.91612,-71.392715,1
25  PINE SWAMP RD,census,42.01306,-71.45628,1
25  RESERVOIR RD,census,41.99112,-71.40928,1
25  TALLY HO RD,census,41.95752,-71.441475,1
25 W HIGHLAND AVE,census,41.919403,-71.39462,1
250  HIGHLAND CORPORATE DR,census,41.9199,-71.38588,2
250  rand ST,osm,NA,NA,1
251  HIGH ST,census,41.906387,-71.39044,5
251  High ST,census,41.906387,-71.39044,1
2510  MENDON RD,census,41.96153,-71.44418,10
2515  DIAMOND HILL RD,census,41.958782,-71.40103,1
253  BEAR HILL RD,census,41.949203,-71.38523,1
259 W WRENTHAM RD,census,42.018127,-71.41465,1
26  CITIZEN ST,census,41.914845,-71.38767,1
26  COLUMBIA DR,census,41.928543,-71.3907,1
26  DAVIS ST,census,41.910103,-71.392876,1
26  FAIRVIEW AVE,census,41.91645,-71.40177,1
26  KENT ST,census,41.917545,-71.398125,1
26  MOUNT VIEW DR,census,41.995636,-71.41686,2
260  RONALD AVE,census,41.953693,-71.40504,2
2600  DIAMOND HILL RD,census,41.961113,-71.401505,1
2600  MENDON RD,census,41.96426,-71.44512,3
2600  Mendon RD,census,41.96426,-71.44512,1
2602  MENDON RD,census,41.96429,-71.44513,1
265  HIGH ST,census,41.906868,-71.39063,1
266  HIGH ST,census,41.906937,-71.39068,4
269  HIGH ST,census,41.906975,-71.39068,1
27  ANN ST,census,41.91903,-71.39033,1
27  FOLLETT ST,census,41.973686,-71.450615,1
27  FOREST VIEW DR,census,41.957993,-71.44118,1
27  JENNA WAY,census,41.954147,-71.390144,1
27  KENT ST,census,41.91788,-71.39831,1
27  OLD MEADOW LN,census,41.973053,-71.389656,1
27  TALL OAKS CT,census,41.978325,-71.471,1
27  VIVIAN ST,census,41.983772,-71.47871,1
27 E EARLE ST,census,41.9148,-71.391846,1
2721  Diamond Hill RD,census,41.9643,-71.40139,1
274  LITTLE POND COUNTY RD,census,41.978718,-71.41526,7
274  Little Pond County RD,census,41.978718,-71.41526,1
2744  MENDON RD,census,41.9664,-71.446365,1
2745  DIAMOND HILL RD,census,41.964657,-71.40139,1
275  DEXTER ST,census,41.91446,-71.382324,1
276  LEIGH RD,census,41.959484,-71.41808,1
276  RONALD AVE,census,41.95427,-71.405045,2
2778  DIAMOND HILL RD,census,41.965664,-71.401535,1
279  ABBOTT RUN VALLEY RD,census,41.9712,-71.39729,2
28  BRIARWOOD DR,census,41.919987,-71.40254,2
28  CROSS ST,census,41.91619,-71.40369,1
28  FAIRVIEW AVE,census,41.916477,-71.40173,2
28  FOLLETT ST,census,41.974174,-71.44958,1
28  GELDARD ST,census,41.90578,-71.39526,1
28  JOHN ST,census,41.907116,-71.39463,1
28  MANVILLE HILL RD,census,41.9742,-71.46704,2
28  MILLERS BROOK DR,census,41.930424,-71.39013,1
28  MOWRY AVE,census,41.920578,-71.396255,1
28  NEW YORK AVE,census,41.941196,-71.39571,1
28  STONEY VIEW DR,census,41.976757,-71.47155,1
28  TIMBERWOLF DR,census,41.922573,-71.40181,1
28  VALLEY ST,census,41.9233,-71.39909,2
280  HIGHLAND CORPORATE DR,census,41.9199,-71.3858,1
280  MENDON RD,census,41.924965,-71.412575,1
281  Scott RD,census,41.961647,-71.427925,1
282  CURRAN RD,census,41.928802,-71.38254,1
284  HARRIET LN,census,41.953823,-71.407265,1
285  ABBOTT RUN VALLEY RD,census,41.971718,-71.39755,1
287  BROAD ST,census,41.90704,-71.39317,1
2885  MENDON RD,census,41.96952,-71.450096,1
2894  MENDON RD,census,41.969387,-71.44995,1
29  ALTON AVE,census,41.98633,-71.47086,3
29  JENCKES RD,census,42.015663,-71.44932,1
29  MIDDLE ST,census,41.9367,-71.430244,1
29  NEW YORK AVE,census,41.941296,-71.395744,1
29  NICHOLAS DR,census,41.979446,-71.38251,1
29  POLLETT ST,census,41.92105,-71.39838,1
29  SILVA ST,census,41.901474,-71.39438,1
29  WAUMSETT AVE,census,41.936916,-71.398346,2
290  CURRAN RD,census,41.928913,-71.3824,1
290  HARRIET LN,census,41.95392,-71.40727,1
291  BROAD ST,census,41.907093,-71.393196,1
293  ROCK RDG,osm,NA,NA,1
294  RONALD AVE,census,41.954918,-71.40506,1
295  BRYANT ST,census,41.920925,-71.38831,3
295 N. @ Scott Rd.,osm,41.9629146492756,-71.4268507789755,1
295 RT,osm,41.6890274226912,-71.46532976349,5
2950  DIAMOND HILL RD,osm,41.9700360410731,-71.4043492358567,1
295N North Atttlboro,osm,NA,NA,1
297  BRYANT ST,census,41.920948,-71.38831,1
297  RONALD AVE,census,41.95499,-71.40505,2
2970  MENDON RD,census,41.971127,-71.45205,13
3  Camp ST,census,41.978657,-71.47389,1
3  FLAT ST,census,41.971874,-71.46834,1
3  GILBERT CT,census,41.97203,-71.390625,4
3  GLADDING DR,census,41.965336,-71.390724,1
3  PAINE RD,census,41.972095,-71.38473,1
3  QUAIL ST,census,41.98349,-71.473465,1
3  RIDGELAND DR,census,41.97549,-71.38925,1
3  Rolling Green DR,census,41.965626,-71.393234,1
3  SPRAGUE ST,census,41.977108,-71.453415,1
3  STONE BRIDGE DR,census,41.93609,-71.420555,2
3  STONEY VIEW DR,census,41.97752,-71.47035,1
3  WHITE HILL LN,census,41.968563,-71.383385,1
3  WOODWARD ST,census,41.92772,-71.42219,1
30  CROSSING DR,census,41.950474,-71.435646,2
30  CUMBERLAND ST,census,41.91537,-71.39607,2
30  CURRAN RD,census,41.908676,-71.386444,1
30  HOWARD RD,census,41.955303,-71.38364,1
30  INDUSTRIAL RD,census,41.953136,-71.399185,1
30  LEONARD ST,census,41.970707,-71.454956,1
30  MARQUES ST,census,41.977837,-71.47382,1
30  MARTIN ST,census,41.927635,-71.42743,4
30  MEETING ST,census,41.899673,-71.390884,1
30  MELROSE ST,census,41.929573,-71.3974,1
30  MILL ST,census,41.90031,-71.38943,1
30  Martin ST,census,41.927635,-71.42743,1
30  OLIVE ST,census,41.92356,-71.40439,1
30  OXFORD RD,census,41.95472,-71.4213,1
30  ROCKY CREST RD,census,41.958057,-71.439445,1
30  WEEKS ST,census,41.982246,-71.47278,1
30  washington ST,census,41.90448,-71.38992,1
300  ENGLAND ST,census,41.921143,-71.38741,3
300  HIGH ST,census,41.907738,-71.391014,2
300  MAPLE RIDGE DR,osm,42.0025594,-71.4598869,4
300  MENDON RD,census,41.918213,-71.40671,1
300  Maple Ridge DR,osm,42.0025594,-71.4598869,1
303  HIGH ST,census,41.908154,-71.39117,1
306  HIGH ST,census,41.908024,-71.391136,1
31  ABBOTT RUN VALLEY RD,census,41.950294,-71.3851,1
31  BISHOP DR,census,41.978905,-71.382835,2
31  DELAWARE AVE,census,41.940845,-71.39679,1
31  FOREST VIEW DR,census,41.958004,-71.44109,1
31  POISSON ST,census,41.981846,-71.47752,1
31  POUND RD,census,41.97033,-71.444916,1
31  ROLLING ACRES DR,census,41.973003,-71.449776,1
31  SCHOOL ST,census,41.901638,-71.388565,1
31  SCOTT RD,census,41.940742,-71.42957,2
311  LEIGH RD,census,41.960445,-71.41868,1
315  ABBOTT RUN VALLEY RD,census,41.974987,-71.39922,2
3151  DIAMOND HILL RD,census,41.9747,-71.40671,1
317  ABBOTT RUN VALLEY RD,census,41.975246,-71.39938,4
3190  MENDON RD,census,41.974205,-71.455666,1
32  COZY LN,census,41.981964,-71.465836,1
32  LONESOME PINE RD,census,41.960957,-71.39604,1
32  RAYMOND DR,census,41.95867,-71.39949,1
32  WILLIS DR,census,41.97834,-71.46583,1
320  MENDON RD,census,41.918125,-71.40663,1
3200  MENDON RD,census,41.974342,-71.455826,4
321  SCOTT RD,census,41.96404,-71.423775,1
326  Mendon,census,41.91824,-71.40673,1
3261  MENDON RD,census,41.975418,-71.457054,1
3291  MENDON RD,census,41.975914,-71.457565,1
33  ABBOTT ST,census,41.985683,-71.46933,1
33  INDIANA AVE,census,41.938553,-71.39544,1
33  Iroquis RD,census,41.93128,-71.397896,1
33  MAIN ST,census,41.914574,-71.40104,1
33  MIDDLE ST,census,41.93653,-71.43017,1
33  OLD MEADOW LN,census,41.972923,-71.38988,1
33  PROSPECT ST,census,41.901352,-71.382805,1
33  RABBIT HILL RD,census,41.92705,-71.386894,1
33  RHODES ST,census,42.00719,-71.38428,1
33  SUSAN DR,census,41.930595,-71.39061,1
3320  MENDON RD,census,41.97501,-71.45661,1
3330  MENDON RD,census,41.975044,-71.45666,2
3335  MENDON RD,census,41.976986,-71.45878,2
3344  MENDON RD,census,41.975094,-71.45671,1
3357  MENDON RD,census,41.97728,-71.459114,2
337  BROAD ST,census,41.908077,-71.3937,1
3371  DIAMOND HILL RD,census,41.97999,-71.40959,1
34  BEAR HILL RD,census,41.94527,-71.398766,1
34  DEXTER ST,census,41.912197,-71.39486,1
34  DWIGHT ST,census,41.969227,-71.45826,1
34  HIDDEN MEADOW LN,census,41.99884,-71.38767,1
34  HIGH ST,census,41.90102,-71.389786,1
34  HIGHLAND AVE,census,41.919483,-71.39396,1
34  JOHN ST,census,41.90705,-71.394844,1
34  MURPHY DR,census,41.96045,-71.40246,1
340  MENDON RD,census,41.918327,-71.4068,1
3400  MENDON RD,census,41.97908,-71.46196,1
3415  mendon rd,census,41.978127,-71.46008,1
3430  DIAMOND HILL RD,census,41.98152,-71.40926,1
3437  MENDON RD,census,41.978367,-71.46037,1
3450  MENDON RD,census,41.979145,-71.4622,1
3450  Mendon RD,census,41.979145,-71.4622,1
3469  Mendon RD,census,41.978893,-71.46129,1
349  LEIGH RD,census,41.960968,-71.41868,1
3493  Mendon RD,census,41.979115,-71.462036,1
35  BERM DR,census,41.924347,-71.416985,1
35  ENGLAND ST,census,41.914818,-71.38821,1
35  INDUSTRIAL RD,census,41.953136,-71.39877,2
35  MARTIN ST,census,41.92765,-71.42743,4
35  MORNING GLORY RD,census,41.976128,-71.47097,1
35  Martin Street,census,41.92765,-71.42743,1
35  NEW CLARK RD,census,41.970768,-71.45566,1
35  TITUS ST,census,41.901257,-71.39282,1
35  WRENTHAM RD,census,42.00955,-71.41501,1
350  RONALD AVE,census,41.956932,-71.40511,3
350  Ronald AVE,census,41.956932,-71.40511,1
3502  3502 Mendon Rd,census,41.97922,-71.46244,1
3502  MENDON RD,census,41.97922,-71.46244,1
356  LIPPITT AVE,census,41.96079,-71.42158,1
3574  MENDON RD,census,41.97991,-71.46396,1
3579  DIAMOND HILL RD,census,41.985725,-71.41135,46
3579  Diamond Hill RD,census,41.985725,-71.41135,4
36  CADORET DR,census,41.96779,-71.45017,1
36  GREEN MEADOW LN,census,41.98735,-71.41813,1
36  JOHN ST,census,41.90703,-71.39491,1
36  RAWSON RD,census,41.96264,-71.38464,1
360  BROAD ST,census,41.909508,-71.39454,1
363  SPRING ST,osm,43.646499,-70.271191,1
37  REDGATE RD,census,41.93692,-71.42199,1
3740  MENDON RD,census,41.98167,-71.46877,1
3745  MENDON RD,census,41.98144,-71.468094,1
3751  MENDON RD,census,41.98182,-71.469154,3
378  ENGLAND ST,census,41.922546,-71.38724,1
3781  MENDON RD,census,41.982018,-71.46971,2
3794  MENDON RD,osm,41.9820064612706,-71.4699590707898,1
38  AURORA DR,census,41.95424,-71.410164,3
38  BILLINGTON CIR,census,41.971382,-71.41346,1
38  BOWEN ST,census,41.912952,-71.39464,1
38  BOYLE AVE,census,41.972786,-71.46748,1
38  MURPHY DR,census,41.96049,-71.40255,1
38  OLIVE ST,census,41.923653,-71.40421,1
38  Plant ST,census,41.975048,-71.472664,1
38  SCHOOL ST,census,41.901722,-71.38861,1
38  WINSOR ST,census,41.915028,-71.3948,3
3811  MENDON RD,census,41.982384,-71.47057,1
3841  MENDON RD,census,41.982803,-71.47143,1
3848  MENDON RD,census,41.98281,-71.471466,1
387  MENDON RD,census,41.91911,-71.40744,1
3871  MENDON RD,census,41.983086,-71.47207,1
39  CURRAN RD,census,41.909447,-71.38641,1
39  TITUS ST,census,41.901287,-71.392685,1
39  WHISPERING PNES,census,41.979233,-71.471565,1
392  BERNON ST,osm,NA,NA,1
3980  DIAMOND HILL RD,census,41.99593,-71.41587,3
3990  Diamond Hill RD,census,41.996197,-71.416115,1
4  ANNA MAC DR,census,41.9814,-71.412125,2
4  BRAYTON CT,census,41.915413,-71.39905,5
4  CUMBERLAND ST,census,41.91413,-71.39747,1
4  ELM ST,census,41.90476,-71.392586,1
4  FIELDSIDE DR,census,41.9606,-71.391396,1
4  FRONT ST,census,41.937626,-71.431404,1
4  GRANT LN,census,41.96925,-71.38382,1
4  Havens ST,census,41.904594,-71.38873,1
4  LAWN ST,census,41.985294,-71.47525,1
4  MARSHALL AVE,census,41.920086,-71.4079,1
4  MAYBURY ST,census,41.917366,-71.40358,2
4  MEETING ST,census,41.89975,-71.39062,1
4  MENDON RD,census,41.9255,-71.41525,1
4  NORTON DR,census,41.96539,-71.45109,1
4  SHERWOOD LN,census,41.94329,-71.40076,1
4  TALL OAKS CT,census,41.978733,-71.470245,1
4  TORREY RD,census,41.999214,-71.39118,1
4  WOODWARD ST,census,41.92771,-71.4222,1
4  WYOMING DR,census,41.945393,-71.39467,1
40  BOURQUE RD,census,41.95717,-71.41231,1
40  COUNTRY HILL RD,census,41.955906,-71.39976,1
40  CURRAN RD,census,41.90995,-71.38643,1
40  EDGEWOOD AVE,census,41.97875,-71.47373,1
40  EISENHOWER ST,census,41.968834,-71.45901,1
40  HARRISON ST,census,41.916454,-71.39542,1
40  JACKSON ST,census,41.96598,-71.45768,1
40  MAIN ST,census,41.914665,-71.40129,1
40  NOTRE DAME AVE,census,41.973618,-71.45808,1
40  PARADISE LN,census,41.97261,-71.45526,2
40  West Wrentham,census,41.980083,-71.459366,1
40 W WRENTHAM RD,census,42.009556,-71.41502,5
400  NATE WHIPPLE HWY,census,41.98216,-71.42122,5
401  BROAD ST,census,41.910477,-71.395096,1
405  MENDON RD,census,41.91984,-71.408134,1
4097  Diamond Hill RD,census,41.998062,-71.41829,2
41  BEAR HILL RD,census,41.94526,-71.39877,1
41  FORESTDALE DR,census,41.952766,-71.44621,1
41  SUMNER ST,census,41.9832,-71.474464,3
41  Sumner ST,census,41.9832,-71.474464,1
41  WILLIS DR,census,41.97794,-71.466896,1
410  BROAD ST,census,41.912067,-71.39606,1
411  NATE WHIPPLE HWY,census,41.981525,-71.4239,1
4115  MENDON RD,census,41.98496,-71.47811,1
4120  MENDON RD,osm,41.98506080402,-71.4781403649153,5
4164  DIAMOND HILL RD,census,41.999695,-71.419,1
419  BROAD ST,census,41.911167,-71.395485,1
42  CHESTNUT ST,census,41.926357,-71.40133,1
42  MEADOWCREST DR,census,41.919964,-71.40151,1
42  TOWER HILL RD,census,41.99479,-71.42267,2
4232  DIAMOND HILL RD,census,42.000996,-71.41947,1
427  HIGH ST,census,41.91239,-71.39293,2
428  ENGLAND ST,census,41.924065,-71.38705,2
43  BALLOU ST,census,41.980713,-71.47411,2
43  CURRAN RD,census,41.909832,-71.38641,1
43  MACONDRAY ST,census,41.901867,-71.39362,1
43  POISSON ST,census,41.98167,-71.47737,1
43  WINSOR ST,census,41.915028,-71.394844,1
4301  DIAMOND HILL RD,census,42.005653,-71.41863,3
4301  Diamond Hill RD,census,42.005653,-71.41863,1
437  BROAD ST,census,41.911728,-71.39583,1
44  BALLOU ST,census,41.980564,-71.47436,1
44  COUNTRYSIDE DR,census,41.974747,-71.44684,1
44  Cray ST,census,41.92782,-71.42175,1
44  EATON ST,census,41.986023,-71.478745,1
44  JOHN ST,census,41.90694,-71.3952,1
44  MARTIN ST,census,41.927486,-71.4278,2
44  METCALF DR,census,41.98692,-71.40887,1
44  Martin Street,census,41.927486,-71.4278,1
44  Metcalf DR,census,41.98692,-71.40887,1
44  OLD ANGELL RD,census,41.938522,-71.42528,1
441  Broad,census,41.911854,-71.395905,1
4414  DIAMOND HILL RD,census,42.005302,-71.41863,1
4430  DIAMOND HILL RD,census,42.005352,-71.41863,2
447  BROAD ST,census,41.91206,-71.396034,2
447  ENGLAND ST,census,41.92503,-71.386955,1
447  HIGH ST,census,41.913006,-71.39321,1
45  ALBION RD,census,41.9518,-71.45004,1
45  BROAD ST,census,41.901035,-71.39101,4
45  GOVERNOR ST,census,41.982567,-71.47709,1
45  HIGHLAND AVE,census,41.919537,-71.39335,5
45  Highland AVE,census,41.919537,-71.39335,1
45  MARTIN ST,census,41.927605,-71.427536,2
45  RAYMOND DR,census,41.958782,-71.39901,1
45  VALLEY VIEW DR,census,41.981037,-71.47131,2
455  ENGLAND ST,census,41.92532,-71.38696,1
458  BRYANT ST,census,41.926044,-71.387886,1
46  CIRCLEDALE DR,census,41.95373,-71.44756,1
46  MILL ST,census,41.900356,-71.389015,3
46  SCOTT RD,census,41.941353,-71.429115,1
463  BROAD ST,census,41.91233,-71.39621,1
463  HIGH ST,census,41.913685,-71.3935,1
464  HIGH ST,census,41.913734,-71.39354,2
47  BLISSDALE AVE,census,41.92848,-71.41047,1
47  GREENFIELD RD,census,41.9581,-71.39727,1
47  MAYFAIR ST,osm,39.6439612,-78.7462705,1
47  ROLLING ACRES DR,census,41.97328,-71.44911,1
47  Willis DR,census,41.977737,-71.467285,1
471  BROAD ST,census,41.912457,-71.39632,1
473  BROAD ST,census,41.91249,-71.39634,2
48  COUNTRYSIDE DR,census,41.975063,-71.44699,4
48  FOLLETT ST,census,41.974766,-71.4487,2
48  GREENFIELD RD,census,41.95811,-71.39727,1
48  RHODES ST,census,42.00865,-71.38299,1
48  WILLIS DR,census,41.97772,-71.46729,1
48 W WRENTHAM RD,census,42.009613,-71.415,1
481  BROAD ST,census,41.912773,-71.39658,1
483  MENDON RD,census,41.92144,-71.40991,1
483  Mendon RD,census,41.92144,-71.40991,1
485  BROAD ST,census,41.912895,-71.3967,1
486  NATE WHIPPLE HWY,census,41.982353,-71.41822,1
49  ANNETTE AVE,osm,NA,NA,1
49  FARMVIEW DR,census,41.959576,-71.39692,2
491  Mendon RD,osm,41.9455937278225,-71.3802201034182,1
5  AMERICA ST,census,41.901146,-71.38672,3
5  APPLE BLOSSOM DR,census,41.990013,-71.41663,1
5  AVON AVE,census,41.987354,-71.47334,1
5  BARRETT ST,census,41.929012,-71.419395,1
5  CEDAR WAY,census,41.94188,-71.42178,1
5  CHAMBERS ST,census,41.90784,-71.39399,3
5  CHURCH ST,census,41.907864,-71.39119,1
5  CURRAN RD,census,41.906593,-71.386475,1
5  DELAWARE AVE,census,41.940662,-71.39768,2
5  DULLES ST,census,41.96741,-71.45851,1
5  FACTORY ST,census,41.914272,-71.40046,2
5  FAIRWAY DR,census,41.96399,-71.4514,3
5  FARRELL ST,census,41.964684,-71.39929,1
5  HANNAH DR,census,41.988552,-71.4122,1
5  INDUSTRIAL RD,census,41.9531,-71.401024,1
5  JOHN ST,census,41.907345,-71.39382,1
5  KATHRYN ST,census,41.911293,-71.38208,1
5  LEACH ST,census,41.97558,-71.46732,1
5  MAIN ST,census,41.91403,-71.39977,1
5  MAPLE ST,census,41.903954,-71.39233,1
5  MELODY LN,census,41.97335,-71.38845,1
5  MORNING WAY,census,41.923237,-71.39843,1
5  PARK ST,census,41.915775,-71.393486,1
5  RYAN AVE,census,41.93233,-71.42598,1
5  TAYLOR CT,census,41.94828,-71.43953,1
5  Taylor court,census,41.94828,-71.43953,1
5  WILL CROFT,census,41.941044,-71.41919,1
5  Wilcroft,census,41.941044,-71.41919,1
50  ABBOTT RUN VALLEY RD,census,41.95175,-71.38641,1
50  ARNOLD MILLS RD,census,41.978634,-71.39602,2
50  Arnold Mills RD,census,41.978634,-71.39602,1
50  Elm ST,census,41.904583,-71.39345,1
50  MARTIN ST,census,41.927425,-71.42796,2
50  OAKHILL DR,census,41.92468,-71.390945,1
50  POUND RD,census,41.970333,-71.44493,1
50  WILLIS DR,census,41.97763,-71.46746,1
50  WINSOR ST,census,41.915005,-71.3949,3
50  Winsor ST,census,41.915005,-71.3949,1
500  MENDON RD,census,41.925182,-71.41332,24
500  Scott RD,census,41.965694,-71.41811,1
51  BRYANT ST,census,41.91487,-71.3891,1
51  DEXTER ST,census,41.91224,-71.394615,1
51  FORESTDALE DR,census,41.952263,-71.44685,1
51  FRONT ST,osm,41.9361174477356,-71.4305605009101,14
51  HILLSIDE RD,census,41.972397,-71.39981,1
51  MACONDRAY ST,census,41.902035,-71.393684,6
51  MAIN ST,census,41.914772,-71.401505,2
51  MEADOWBROOK DR,census,41.951756,-71.43906,1
51  Millers Brook DR,census,41.930614,-71.38938,1
51  PEQUOT AVE,census,41.93574,-71.396706,2
52  KAY ST,census,41.972214,-71.4579,1
52  MAYBURY ST,census,41.918507,-71.4049,1
52  MEADOWCREST DR,census,41.921383,-71.40221,1
52  ORCHARD DR,census,41.945194,-71.41158,1
52  SCARBOROUGH RD,census,41.96534,-71.450645,1
524  HIGH ST,census,41.91587,-71.39441,1
525  BROAD ST,census,41.913845,-71.39782,1
529  RESERVOIR RD,osm,41.989853,-71.40081,1
53  ANN ST,census,41.919277,-71.390305,1
53  COLONIAL AVE,census,41.937553,-71.39849,1
53  MACONDRAY ST,census,41.902077,-71.3937,1
53  WINSOR ST,census,41.91501,-71.39493,1
539  HIGH ST,census,41.916386,-71.39469,1
54  HAZEBROUCK ST,census,41.980217,-71.46304,1
54  MILLERS BROOK DR,census,41.930763,-71.3893,1
54  SUN VALLEY DR,census,41.97033,-71.39456,1
54  VALLEY VIEW DR,census,41.980904,-71.471344,3
54  WAYNE DR,census,41.95474,-71.44699,1
546  TOWN ST,osm,41.9005,-71.3906,1
55  ANTHONY DR,census,41.948666,-71.4368,1
55  HEROUX BLVD,census,41.97405,-71.45904,4
55  INDUSTRIAL RD,census,41.953175,-71.39728,2
55  RAWSON RD,census,41.962635,-71.384544,1
55  RESERVOIR RD,census,41.990948,-71.405495,3
55  ROSE LN,census,41.973396,-71.45634,1
55  WASHINTON ST,census,41.904453,-71.390076,1
550  HIGH ST,census,41.91685,-71.394966,2
555  HIGH ST,census,41.91653,-71.39477,4
555  High ST,census,41.91653,-71.39477,4
555  High St.,census,41.91653,-71.39477,1
555  High Street,census,41.91653,-71.39477,1
56  CANNING ST,census,41.97583,-71.454094,1
56  DUCHESS RD,census,41.978275,-71.46849,2
56  REDGATE RD,census,41.936493,-71.42184,1
56  THOMPSON HILL DR,census,41.96642,-71.406105,1
56  TORREY RD,census,41.999992,-71.387245,1
562  BROAD ST,census,41.914757,-71.399864,1
57  CRESTWOOD CT,census,41.94896,-71.397255,2
57  MANVILLE HILL RD,census,41.975704,-71.46528,3
57 W BARROWS ST,census,41.913574,-71.39486,1
574  BROAD ST,census,41.915085,-71.40061,1
59  DEXTER ST,census,41.91229,-71.394424,1
59  GREENFIELD RD,census,41.95821,-71.396126,1
59  HARRISON ST,census,41.91628,-71.395744,4
59  Harrison ST,census,41.91628,-71.395744,1
59  LITTLE POND COUNTY RD,census,41.960354,-71.41242,1
59  MANVILLE HILL RD,census,41.97571,-71.465256,9
59  REDGATE RD,census,41.935314,-71.4211,1
592  BROAD ST,census,41.91558,-71.401726,1
6  BRANCH AVE,census,41.98078,-71.47473,5
6  EAGLE DR,census,42.01283,-71.45396,1
6  HAVENS ST,census,41.904587,-71.38875,1
6  LASALLE AVE,census,41.97248,-71.46021,1
6  Lasalle AVE,census,41.97248,-71.46021,1
6  MANVILLE HILL RD,census,41.972675,-71.46813,3
6  Middle ST,census,41.937553,-71.43065,1
6  NATE WHIPPLE HWY,census,41.976387,-71.45708,1
6  OLD ANGELL RD,census,41.938118,-71.427,1
6  PLANT ST,census,41.976276,-71.47404,1
6  PRESERVE DR,census,42.005882,-71.41338,1
6  ROCKY CREST RD,census,41.960064,-71.43879,1
6  TIFFANY DR,census,41.971504,-71.46005,2
6  WOODCREST DR,census,41.966084,-71.384026,1
60  BEACH RD,osm,43.9473316,-70.6214575,2
60  CIRCLEDALE DR,census,41.95388,-71.446915,2
60  CROSSING DR,census,41.950546,-71.43511,1
60  MENDON RD,census,41.925575,-71.41545,2
60  TORREY RD,census,42.000008,-71.38716,1
61  ABBOTT RUN VALLEY RD,census,41.95358,-71.388565,1
61  KAY ST,census,41.971985,-71.45884,1
61  MANVILLE HILL RD,census,41.975723,-71.46524,4
61  Nancy DR,census,41.961884,-71.399284,1
61  SLEEPY HOLLOW DR,census,41.97346,-71.3971,1
61  SULYMA ST,census,41.97083,-71.45917,2
62  BEACH RD,osm,41.9580706,-71.4174119,1
62  PINE SWAMP RD,census,42.0119,-71.4507,1
620  Mendon RD,census,41.925293,-71.413734,1
63  Alaska ST,census,41.943275,-71.39695,1
63  SHIRLEY DR,census,41.94748,-71.40061,1
64  BLISSDALE AVE,census,41.928654,-71.41064,1
64  BONNIE BROOK DR,census,41.978577,-71.4132,1
64  LILAC ST,census,41.921898,-71.40015,1
64  MOWRY AVE,census,41.92067,-71.3954,1
65  DEXTER ST,census,41.912376,-71.39409,1
65  FERNCREST DR,census,41.944378,-71.398476,1
65  MACONDRAY ST,census,41.90233,-71.39379,1
65 N GARDEN ST,census,41.92499,-71.40509,1
66  CARPENTER ST,census,41.899757,-71.38159,1
66  ENGLAND ST,census,41.915833,-71.3881,2
66  WAYNE DR,census,41.9547,-71.44721,2
66 W EARLE ST,census,41.914215,-71.3954,1
67  CIRCLEDALE DR,census,41.953735,-71.44669,1
67  LILAC ST,census,41.92187,-71.40022,1
67  PINE SWAMP RD,census,42.011738,-71.44995,1
670  BROAD ST,census,41.916348,-71.40416,1
68  MEADOWCREST DR,census,41.92091,-71.40456,1
68  SHERMAN AVE,census,41.98267,-71.47757,4
69  BROADVIEW AVE,osm,41.9527964,-71.4050001,1
69  CANNING ST,census,41.976284,-71.45319,1
69  OLD WILLIS RD,census,41.92307,-71.3899,1
7  ACADEMY DR,census,41.924248,-71.40673,2
7  BELEC ST,census,41.986736,-71.47611,1
7  BRAYTON CT,census,41.915432,-71.39904,1
7  BRIARWOOD DR,census,41.920162,-71.40205,1
7  CUSHING ST,census,41.92803,-71.41983,1
7  FATIMA DR,census,41.905193,-71.38981,2
7  MELODY LN,census,41.973312,-71.38842,1
7  PASQUALE DR,census,41.96156,-71.45573,1
7  SCOTT RD,census,41.939575,-71.43053,2
7  SHELTER LN,census,41.980232,-71.46532,1
7  TALLY HO RD,census,41.957737,-71.44156,5
7  TITUS ST,census,41.901024,-71.39397,1
7  VALE ST,census,41.985943,-71.47528,1
7  WOODWARD ST,census,41.927757,-71.42223,2
70  MENDON RD,census,41.925587,-71.41549,11
70  WESTWOOD DR,census,41.95585,-71.44589,1
71  BRYANT ST,census,41.91561,-71.38901,1
71  MT PLEASANT VIEW AVE,census,41.97237,-71.465164,1
71  SILO DR,census,41.950577,-71.39442,1
710  HIGH ST,census,41.919064,-71.396255,1
712  NATE WHIPPLE HWY,census,41.977627,-71.39112,2
721  MENDON RD,census,41.924835,-71.413635,1
729  High ST,census,41.919968,-71.396774,1
73  Harding ST,census,41.974796,-71.45432,1
736  HIGH ST,census,41.92025,-71.39696,1
74  PEACEDALE RD,census,41.946304,-71.43983,4
742  NATE WHIPPLE HWY,census,41.974396,-71.38735,1
75  ABBOTT RUN VALLEY RD,census,41.95566,-71.38914,1
75  DESMARAIS ST,census,41.976925,-71.46905,2
75  MAYBURY ST,osm,41.9201921,-71.4061616,2
75  SILO DR,census,41.94952,-71.39469,1
752  NATE WHIPPLE HWY,census,41.97321,-71.38599,1
756  HIGH ST,census,41.921364,-71.39762,1
76  CARLSON DR,census,41.9239,-71.391,2
76  HILLSIDE RD,census,41.974316,-71.40043,1
76  MILL ST,census,41.900757,-71.38742,2
76  THOMAS LEIGHTON BLVD,osm,41.9862508,-71.4163011,1
761  MENDON RD,census,41.92554,-71.41533,1
765  MENDON RD,census,41.925575,-71.41542,1
77  KENT ST,census,41.919304,-71.400055,1
77  WAUMSETT AVE,census,41.937023,-71.39729,1
77  WILLIAMS ST,census,41.920174,-71.392746,1
79  ABBOTT RUN VALLEY RD,census,41.956062,-71.389366,1
79  ABBOTT ST,census,41.98571,-71.46898,2
79  FAIRHAVEN RD,census,41.957245,-71.39578,1
79  WILLIS DR,census,41.976334,-71.465935,1
8  ABBOTT RUN VALLEY RD,census,41.94836,-71.38208,1
8  BELLS CT,census,41.90229,-71.391335,1
8  BLACKSTONE ST,census,41.915485,-71.3988,1
8  Briarwood DR,census,41.92015,-71.40204,1
8  CAROLINE ST,census,41.97671,-71.463646,1
8  GOLD STAR DR,census,41.97413,-71.44007,2
8  JEAN ST,census,41.977646,-71.469696,1
8  LANTERN LN,census,41.970177,-71.38591,1
8  MAYFLOWER DR,census,41.989613,-71.4187,1
8  MENDON RD,census,41.925503,-71.41527,2
8  MOWRY AVE,census,41.920525,-71.39672,1
8  NARRAGANSETT RD,census,41.93517,-71.39935,1
8  OAKLEDGE RD,census,41.942844,-71.39048,1
8  PINEHURST DR,census,41.973186,-71.39675,2
8  RAYMOND DR,census,41.95845,-71.40037,1
8  RYAN AVE,census,41.93235,-71.42597,1
8  Steer RD,census,41.955948,-71.396286,1
8  WESTBROOK WAY,census,41.969627,-71.40455,3
8  WOODWARD ST,census,41.92775,-71.42225,1
8 E BARROWS ST,census,41.91392,-71.39301,1
80  BEAR HILL RD,census,41.945908,-71.394646,1
80  CROSSING DR,census,41.950527,-71.43476,1
80  FISHER RD,census,42.00151,-71.41005,5
80  MANVILLE HILL RD,census,41.975304,-71.465904,1
80  ROLAND ST,census,41.929104,-71.40457,1
80  Roland ST,census,41.929104,-71.40457,1
80  SCOTT RD,census,41.942726,-71.42817,1
800  MENDON RD,census,41.925858,-71.41618,2
802  BALDWIN ST,osm,41.923682,-71.3999091,1
805  MENDON RD,census,41.926003,-71.41648,1
806  HIGH ST,census,41.924126,-71.39897,1
81  MACONDRAY ST,census,41.904495,-71.394554,1
81  TERRACE AVE,census,41.926292,-71.3922,1
81  WILLIS DR,census,41.97641,-71.46574,3
82  BURNT SWAMP RD,census,42.00755,-71.3855,1
82  DUCHESS RD,census,41.97849,-71.46877,1
83  ABBOTT RUN VALLEY RD,census,41.956467,-71.38958,1
83  MEADOWCREST DR,census,41.919407,-71.40457,2
84  KENT ST,census,41.919205,-71.40033,1
84  PHILLIP AVE,census,41.93637,-71.39727,1
84  TORREY RD,census,41.99998,-71.38662,1
84  TOWER HILL RD,census,41.992657,-71.42643,1
86  MILL ST,census,41.90081,-71.387146,1
87  JOHN ST,census,41.906498,-71.39666,2
87  Scott RD,census,41.9434,-71.42776,1
88  BROAD ST,census,41.90057,-71.39085,1
88  EVERGREEN ST,census,41.96154,-71.44653,1
89  ANGELL RD,census,41.943928,-71.41882,1
89  DUCHESS RD,census,41.978558,-71.468834,1
9  BARN DR,census,41.962868,-71.3939,1
9  CHAPEL AVE,census,41.90267,-71.391525,1
9  CURRAN RD,census,41.90696,-71.38647,2
9  EVANS RD,census,42.00784,-71.38326,1
9  FACTORY ST,census,41.914265,-71.40047,1
9  GREEN ST,census,41.96769,-71.457016,1
9  HAVENS ST,census,41.904278,-71.389435,1
9  KILBURN ST,census,41.908047,-71.39662,2
9  KINGS ROW,census,41.96037,-71.38602,1
9  MAYBURY ST,census,41.917645,-71.404045,3
9  NICHOLAS DR,census,41.978065,-71.38189,1
9  OLD FORGE RD,census,41.97098,-71.386215,1
9  ROBERTS ST,census,41.96722,-71.45767,1
9  ROOSEVELT RD,census,41.967983,-71.45611,1
9  WESTWOOD DR,census,41.956123,-71.444626,1
9  West Wrentham RD,census,41.97971,-71.45948,1
90  HINES RD,census,41.93507,-71.39422,1
900  HIGHLAND CORPORATE DR,osm,41.986839,-71.478859,1
91  ABBOTT RUN VALLEY RD,census,41.957268,-71.39003,1
91  ANGELL RD,census,41.94413,-71.41851,1
91  BROAD ST,census,41.901646,-71.39123,2
91  FARM DR,census,41.96085,-71.45386,1
91  JOHN ST,census,41.906456,-71.3968,2
91  MEADOWCREST DR,census,41.918724,-71.404,1
92  FARM DR,census,41.960747,-71.45387,1
92  SUN VALLEY DR,census,41.97221,-71.395065,1
927  MENDON RD,census,41.92776,-71.41975,1
93  PEQUOT AVE,census,41.93588,-71.39541,1
93  SLEEPY HOLLOW DR,census,41.975235,-71.39786,1
935  MENDON RD,census,41.927864,-71.419876,1
94  ROOSEVELT RD,census,41.965096,-71.457596,1
940  MOUNT HOPE ST,osm,41.9211237,-71.3909684,1
95  INDUSTRIAL RD,census,41.953476,-71.39431,2
95  NATE WHIPPLE HWY,census,41.978233,-71.45141,1
95  PEQUOT AVE,census,41.935844,-71.39504,1
95  SCOTT RD,census,41.94391,-71.42746,2
95  TITUS ST,census,41.90182,-71.3903,1
96  DARLING ST,osm,-33.8164241,150.9460758,1
96  FAIRHAVEN RD,census,41.957455,-71.39336,1
97  ARNOLD DR,census,41.97733,-71.38266,2
97  ELLIS RD,osm,36.9749857242952,-83.0056217519348,1
97  PEQUOT AVE,census,41.93584,-71.39503,1
98  KAY ST,census,41.97068,-71.46077,1
99  CRESTWOOD CT,census,41.949787,-71.399185,1
99  Clark ST,census,41.910225,-71.38841,1
99  POUND RD,census,41.969933,-71.43591,5
99  TITUS ST,census,41.901848,-71.39019,1
ABBOTT ST,osm,43.69823,-70.288309,1
ANN,osm,41.9210069,-71.3900916,1
BROAD ST,osm,41.9147172,-71.399734,1
Broad ST,osm,41.9147172,-71.399734,1
COOK RD,osm,42.013367,-71.420074,1
CROWELL ST,osm,41.9122003,-71.3826643,1
CURRAN RD,osm,41.929377,-71.380148,1
CUSHING ST,osm,41.9283534,-71.4193913,1
Chestnut ST,osm,41.926968,-71.400681,1
DIAMOND HILL RD,osm,42.005581,-71.418541,2
ELM ST,osm,41.9046859,-71.3930256,2
FOREST VIEW DR,osm,41.9580231,-71.4412139,1
GARDEN ST,osm,41.924095,-71.405128,1
High ST,osm,41.9066246,-71.3905404,1
IKE ST,osm,41.9696149,-71.4574101,1
Interstate 295 S,osm,35.9806261686444,-85.0192365117654,1
JONES ST,osm,41.9032262,-71.3921574,1
MEADOWBROOK DR,osm,41.9516657,-71.4401025,1
MYRTLE ST,osm,41.9023308,-71.3828491,1
RESERVOIR RD,osm,41.989853,-71.40081,1
RT 295,osm,41.6890274226912,-71.46532976349,1
Route 295,osm,41.6890274226912,-71.46532976349,1
arnold RD,osm,43.808636,-70.123507,1
